{
    "data": [
        {
            "person_id": "375582",
            "first_name": "zhaolei",
            "last_name": "zhang",
            "org_id": "508575",
            "primary_job_title": "co-founder",
            "primary_organization": "sensomics",
            "email": "josh@james.com",
            "phone_no": 9876543210,
            "linkedin": "https://in.linkedin.com"
        },
        {
            "person_id": "294910",
            "first_name": "jingjing",
            "last_name": "li",
            "org_id": "508575",
            "primary_job_title": "co-founder",
            "primary_organization": "sensomics",
            "email": null,
            "phone_no": null,
            "linkedin": null
        }
    ]
}