{
    "data": {
        "categories": [
            "Agriculture",
            "Biotechnology",
            "Construction",
            "Consumer Goods",
            "Education",
            "Energy",
            "Finance",
            "Healthcare",
            "Information Technology",
            "Manufacturing",
            "Media",
            "Real Estate",
            "Retail",
            "Telecommunications",
            "Transportation"
        ],
        "revenue_range": [
            "$0-$1M",
            "$1M-$10M",
            "$10M-$50M",
            "$50M-$100M",
            "$100M-$500M",
            "$500M-$1B",
            "$1B-$10B",
            "$10B+"
        ],
        "num_employees": [
            "1-10",
            "11-50",
            "51-200",
            "201-500",
            "501-1000",
            "1001-5000",
            "5001-10000",
            "10000+"
        ],
        "state": [
            "Alabama",
            "Alaska",
            "Arizona",
            "Arkansas",
            "California",
            "Colorado",
            "Connecticut",
            "Delaware",
            "Florida",
            "Georgia",
            "Hawaii",
            "Idaho",
            "Illinois",
            "Indiana",
            "Iowa",
            "Kansas",
            "Kentucky",
            "Louisiana",
            "Maine",
            "Maryland",
            "Massachusetts",
            "Michigan",
            "Minnesota",
            "Mississippi",
            "Missouri",
            "Montana",
            "Nebraska",
            "Nevada",
            "New Hampshire",
            "New Jersey",
            "New Mexico",
            "New York",
            "North Carolina",
            "North Dakota",
            "Ohio",
            "Oklahoma",
            "Oregon",
            "Pennsylvania",
            "Rhode Island",
            "South Carolina",
            "South Dakota",
            "Tennessee",
            "Texas",
            "Utah",
            "Vermont",
            "Virginia",
            "Washington",
            "West Virginia",
            "Wisconsin",
            "Wyoming"
        ],
        "country": [
            "United States",
            "Canada"
        ],
        "ipo_status": [
            "Public",
            "Private",
            "Delisted"
        ],
        "last_equity_funding_type": [
            "Seed",
            "Series A",
            "Series B",
            "Series C",
            "Series D",
            "Series E",
            "Series F",
            "Series G",
            "Series H",
            "Series I",
            "Series J",
            "Series K",
            "Series L",
            "Series M",
            "Series N",
            "Series O",
            "Series P",
            "Series Q",
            "Series R",
            "Series S",
            "Series T",
            "Series U",
            "Series V",
            "Series W",
            "Series X",
            "Series Y",
            "Series Z",
            "Unattributed"
        ],
        "last_funding_at": [],
        "last_funding_total": [],
        "num_funding_rounds": [],
        "j_score": [
            "0-100"
        ]
    }
}