{
    "data": {
        "decision_maker": [
            "True",
            "False"
        ],
        "primary_organization": [
            "search"
        ],
        "primary_job_title": [
            "search"
        ],
        "country": [
            "United States",
            "Canada"
        ],
        "state": [
            "Alabama",
            "Alaska",
            "Arizona",
            "Arkansas",
            "California",
            "Colorado",
            "Connecticut",
            "Delaware",
            "Florida",
            "Georgia",
            "Hawaii",
            "Idaho",
            "Illinois",
            "Indiana",
            "Iowa",
            "Kansas",
            "Kentucky",
            "Louisiana",
            "Maine",
            "Maryland",
            "Massachusetts",
            "Michigan",
            "Minnesota",
            "Mississippi",
            "Missouri",
            "Montana",
            "Nebraska",
            "Nevada",
            "New Hampshire",
            "New Jersey",
            "New Mexico",
            "New York",
            "North Carolina",
            "North Dakota",
            "Ohio",
            "Oklahoma",
            "Oregon",
            "Pennsylvania",
            "Rhode Island",
            "South Carolina",
            "South Dakota",
            "Tennessee",
            "Texas",
            "Utah",
            "Vermont",
            "Virginia",
            "Washington",
            "West Virginia",
            "Wisconsin",
            "Wyoming"
        ],
        "josf_status": [
            "True",
            "False"
        ],
        "g_score": [
            "0-100"
        ]
    }
}