{
    "data": [
        {
            "id": 1,
            "org_id": 508575,
            "name": "Sensomics",
            "categories": "education,fitness,health care",
            "revenue_range": "$1M-$10M",
            "num_employees": "1-10",
            "location_identifiers": "Burlingame, California",
            "ipo_status": "Private",
            "last_equity_funding_type": "Seed",
            "last_funding_at": "2016-01-08",
            "last_funding_total": 600000,
            "num_funding_rounds": 1,
            "num_investments": null,
            "num_acquisitions": null,
            "ai_score": 1
        },
        {
            "id": 2,
            "org_id": 241002,
            "name": "Valentx",
            "categories": "health care,medical device",
            "revenue_range": "$1M-$10M",
            "num_employees": "11-50",
            "location_identifiers": "Maple Grove, Minnesota",
            "ipo_status": "Private",
            "last_equity_funding_type": "Series-Unknown",
            "last_funding_at": "2019-02-01",
            "last_funding_total": 1971260,
            "num_funding_rounds": 8,
            "num_investments": null,
            "num_acquisitions": null,
            "ai_score": 0
        },
        {
            "id": 3,
            "org_id": 140796,
            "name": "Toybox Labs",
            "categories": "3d printing,3d technology,manufacturing",
            "revenue_range": "$1M-$10M",
            "num_employees": "11-50",
            "location_identifiers": "Seattle, Washington",
            "ipo_status": "Private",
            "last_equity_funding_type": "Series-Unknown",
            "last_funding_at": "2022-07-07",
            "last_funding_total": 72222,
            "num_funding_rounds": 6,
            "num_investments": null,
            "num_acquisitions": null,
            "ai_score": 4
        },
        {
            "id": 4,
            "org_id": 228386,
            "name": "Finovera",
            "categories": "banking,consumer applications,developer apis",
            "revenue_range": "$1M-$10M",
            "num_employees": "11-50",
            "location_identifiers": "Milpitas, California",
            "ipo_status": "Private",
            "last_equity_funding_type": "Series-Unknown",
            "last_funding_at": "2017-01-09",
            "last_funding_total": 6010483,
            "num_funding_rounds": 2,
            "num_investments": null,
            "num_acquisitions": null,
            "ai_score": 3
        },
        {
            "id": 5,
            "org_id": 535065,
            "name": "K2 Energy",
            "categories": "energy,energy storage,manufacturing",
            "revenue_range": "$10M-$50M",
            "num_employees": "11-50",
            "location_identifiers": "Henderson, Nevada",
            "ipo_status": "Private",
            "last_equity_funding_type": "Series-Unknown",
            "last_funding_at": "2018-06-01",
            "last_funding_total": 1200000,
            "num_funding_rounds": 3,
            "num_investments": null,
            "num_acquisitions": null,
            "ai_score": 27
        },
        {
            "id": 6,
            "org_id": 1139061,
            "name": "8greens",
            "categories": "consumer goods,dietary supplements,health care",
            "revenue_range": "$0-$1M",
            "num_employees": "1-10",
            "location_identifiers": "New York, New York",
            "ipo_status": "Private",
            "last_equity_funding_type": "Series-Unknown",
            "last_funding_at": "2018-12-21",
            "last_funding_total": 10000000,
            "num_funding_rounds": 1,
            "num_investments": null,
            "num_acquisitions": null,
            "ai_score": 0
        },
        {
            "id": 7,
            "org_id": 613995,
            "name": "Personal Blackbox",
            "categories": "energy efficiency,information technology,sustainability",
            "revenue_range": "$0-$1M",
            "num_employees": "11-50",
            "location_identifiers": "New York, New York",
            "ipo_status": "Private",
            "last_equity_funding_type": "Series-Unknown",
            "last_funding_at": "2015-06-30",
            "last_funding_total": 3500000,
            "num_funding_rounds": 3,
            "num_investments": null,
            "num_acquisitions": null,
            "ai_score": 0
        },
        {
            "id": 8,
            "org_id": 227824,
            "name": "Wellomics",
            "categories": "manufacturing",
            "revenue_range": "$1M-$10M",
            "num_employees": "1-10",
            "location_identifiers": "Waltham, Massachusetts",
            "ipo_status": "Private",
            "last_equity_funding_type": "Series-Unknown",
            "last_funding_at": "2017-12-12",
            "last_funding_total": 25000,
            "num_funding_rounds": 2,
            "num_investments": null,
            "num_acquisitions": null,
            "ai_score": 1
        }]
}